pdf_url,accepted,reason
https://static.cninfo.com.cn/finalpage/2024-01-03/1218792087.PDF,0,仅个人或关联方涉案
https://static.cninfo.com.cn/finalpage/2024-01-10/1218836480.PDF,0,仅个人或关联方涉案
https://static.cninfo.com.cn/finalpage/2024-01-11/1218848960.PDF,0,仅个人或关联方涉案
https://static.cninfo.com.cn/finalpage/2024-01-11/1218848963.PDF,1,公司涉嫌信披违法
https://static.cninfo.com.cn/finalpage/2024-01-13/1218869242.PDF,0,非目标披露事由
https://static.cninfo.com.cn/finalpage/2024-01-13/1218869467.PDF,0,仅个人或关联方涉案
https://static.cninfo.com.cn/finalpage/2024-01-16/1218888790.PDF,1,公司涉嫌信披违法
https://static.cninfo.com.cn/finalpage/2024-01-17/1218915684.PDF,1,公司涉嫌信披违法
https://static.cninfo.com.cn/finalpage/2024-01-23/1218969935.PDF,1,公司涉嫌信披违法
https://static.cninfo.com.cn/finalpage/2024-02-01/1219066536.PDF,0,非目标披露事由
https://static.cninfo.com.cn/finalpage/2024-02-06/1219097910.PDF,1,公司涉嫌信披违法
https://static.cninfo.com.cn/finalpage/2024-02-22/1219156983.PDF,0,非目标披露事由
https://static.cninfo.com.cn/finalpage/2024-02-23/1219157609.PDF,1,公司涉嫌信披违法
https://static.cninfo.com.cn/finalpage/2024-02-26/1219186884.PDF,0,仅个人或关联方涉案
https://static.cninfo.com.cn/finalpage/2024-02-27/1219197991.PDF,0,非目标披露事由
https://static.cninfo.com.cn/finalpage/2024-02-28/1219198037.PDF,1,公司涉嫌信披违法
https://static.cninfo.com.cn/finalpage/2024-02-28/1219198674.PDF,0,仅个人或关联方涉案
https://static.cninfo.com.cn/finalpage/2024-02-29/1219208225.PDF,1,公司涉嫌信披违法
https://static.cninfo.com.cn/finalpage/2024-03-02/1219217496.PDF,0,仅个人或关联方涉案
https://static.cninfo.com.cn/finalpage/2024-03-15/1219308130.PDF,1,公司涉嫌信披违法
https://static.cninfo.com.cn/finalpage/2024-03-15/1219314060.PDF,0,仅个人或关联方涉案
https://static.cninfo.com.cn/finalpage/2024-03-16/1219312806.PDF,1,公司涉嫌信披违法
https://static.cninfo.com.cn/finalpage/2024-03-16/1219312691.PDF,0,仅个人或关联方涉案
https://static.cninfo.com.cn/finalpage/2024-03-19/1219346769.PDF,0,仅个人或关联方涉案
https://static.cninfo.com.cn/finalpage/2024-03-20/1219346295.PDF,1,公司涉嫌信披违法
https://static.cninfo.com.cn/finalpage/2024-03-20/1219358753.PDF,0,同日重复原件
https://static.cninfo.com.cn/finalpage/2024-03-23/1219391284.PDF,1,公司涉嫌信披违法
https://static.cninfo.com.cn/finalpage/2024-03-23/1219386787.PDF,1,公司涉嫌信披违法
https://static.cninfo.com.cn/finalpage/2024-03-26/1219402687.PDF,1,公司涉嫌信披违法
https://static.cninfo.com.cn/finalpage/2024-03-26/1219404059.PDF,1,公司涉嫌信披违法
https://static.cninfo.com.cn/finalpage/2024-03-30/1219478560.PDF,1,公司披露逾期或虚假等
https://static.cninfo.com.cn/finalpage/2024-03-30/1219472955.PDF,1,公司涉嫌信披违法
https://static.cninfo.com.cn/finalpage/2024-04-02/1219493933.PDF,0,仅个人或关联方涉案
https://static.cninfo.com.cn/finalpage/2024-04-11/1219566574.PDF,0,仅个人或关联方涉案
https://static.cninfo.com.cn/finalpage/2024-04-12/1219599915.PDF,1,公司涉嫌信披违法
https://static.cninfo.com.cn/finalpage/2024-04-13/1219599596.PDF,0,非目标披露事由
https://static.cninfo.com.cn/finalpage/2024-04-13/1219599227.PDF,0,非目标披露事由
https://static.cninfo.com.cn/finalpage/2024-04-13/1219598056.PDF,0,仅个人或关联方涉案
https://static.cninfo.com.cn/finalpage/2024-04-17/1219637943.PDF,0,非目标披露事由
https://static.cninfo.com.cn/finalpage/2024-04-18/1219648070.PDF,0,仅个人或关联方涉案
https://static.cninfo.com.cn/finalpage/2024-04-18/1219653411.PDF,0,仅个人或关联方涉案
https://static.cninfo.com.cn/finalpage/2024-04-19/1219707542.PDF,1,公司涉嫌信披违法
https://static.cninfo.com.cn/finalpage/2024-04-20/1219702724.PDF,0,仅个人或关联方涉案
https://static.cninfo.com.cn/finalpage/2024-04-21/1219729195.PDF,1,公司涉嫌信披违法
https://static.cninfo.com.cn/finalpage/2024-04-23/1219747849.PDF,1,公司涉嫌信披违法
https://static.cninfo.com.cn/finalpage/2024-04-26/1219841903.PDF,1,公司涉嫌信披违法
https://static.cninfo.com.cn/finalpage/2024-04-27/1219860987.PDF,1,公司涉嫌信披违法
https://static.cninfo.com.cn/finalpage/2024-04-29/1219896006.PDF,0,仅个人或关联方涉案
https://static.cninfo.com.cn/finalpage/2024-04-30/1219915590.PDF,1,公司涉嫌信披违法
https://static.cninfo.com.cn/finalpage/2024-04-30/1219908869.PDF,1,公司涉嫌信披违法
https://static.cninfo.com.cn/finalpage/2024-04-30/1219954749.PDF,1,公司涉嫌信披违法
https://static.cninfo.com.cn/finalpage/2024-05-01/1219956102.PDF,0,仅个人或关联方涉案
https://static.cninfo.com.cn/finalpage/2024-05-01/1219960152.PDF,1,公司涉嫌信披违法
https://static.cninfo.com.cn/finalpage/2024-05-01/1219960153.PDF,0,仅个人或关联方涉案
https://static.cninfo.com.cn/finalpage/2024-05-06/1219973174.PDF,0,仅个人或关联方涉案
https://static.cninfo.com.cn/finalpage/2024-05-06/1219963767.PDF,1,公司涉嫌信披违法
https://static.cninfo.com.cn/finalpage/2024-05-08/1220010376.PDF,1,公司披露逾期或虚假等
https://static.cninfo.com.cn/finalpage/2024-05-08/1220010895.PDF,1,公司披露逾期或虚假等
https://static.cninfo.com.cn/finalpage/2024-05-08/1220011506.PDF,1,公司涉嫌信披违法
https://static.cninfo.com.cn/finalpage/2024-05-08/1220011684.PDF,1,公司披露逾期或虚假等
https://static.cninfo.com.cn/finalpage/2024-05-09/1220012161.PDF,1,公司披露逾期或虚假等
https://static.cninfo.com.cn/finalpage/2024-05-09/1220012158.PDF,1,公司披露逾期或虚假等
https://static.cninfo.com.cn/finalpage/2024-05-09/1220011682.PDF,1,公司披露逾期或虚假等
https://static.cninfo.com.cn/finalpage/2024-05-09/1220011646.PDF,1,公司披露逾期或虚假等
https://static.cninfo.com.cn/finalpage/2024-05-10/1220022289.PDF,1,公司涉嫌信披违法
https://static.cninfo.com.cn/finalpage/2024-05-17/1220076684.PDF,1,公司涉嫌信披违法
https://static.cninfo.com.cn/finalpage/2024-05-17/1220087991.PDF,1,公司涉嫌信披违法
https://static.cninfo.com.cn/finalpage/2024-05-18/1220091136.PDF,1,公司涉嫌信披违法
https://static.cninfo.com.cn/finalpage/2024-05-25/1220159995.PDF,1,公司涉嫌信披违法
https://static.cninfo.com.cn/finalpage/2024-05-29/1220187515.PDF,1,公司涉嫌信披违法
https://static.cninfo.com.cn/finalpage/2024-05-30/1220196852.PDF,1,公司涉嫌信披违法
https://static.cninfo.com.cn/finalpage/2024-05-31/1220226300.PDF,1,公司涉嫌信披违法
https://static.cninfo.com.cn/finalpage/2024-06-05/1220273326.PDF,1,公司涉嫌信披违法
https://static.cninfo.com.cn/finalpage/2024-06-11/1220318461.PDF,1,公司涉嫌信披违法
https://static.cninfo.com.cn/finalpage/2024-06-13/1220338891.PDF,1,公司涉嫌信披违法
https://static.cninfo.com.cn/finalpage/2024-06-14/1220347480.PDF,0,仅个人或关联方涉案
https://static.cninfo.com.cn/finalpage/2024-06-22/1220428548.PDF,1,公司涉嫌信披违法
https://static.cninfo.com.cn/finalpage/2024-06-25/1220444019.PDF,0,仅个人或关联方涉案
https://static.cninfo.com.cn/finalpage/2024-06-29/1220501252.PDF,0,仅个人或关联方涉案
https://static.cninfo.com.cn/finalpage/2024-06-29/1220501255.PDF,1,公司涉嫌信披违法
https://static.cninfo.com.cn/finalpage/2024-07-08/1220543580.PDF,1,公司涉嫌信披违法
https://static.cninfo.com.cn/finalpage/2024-07-09/1220587095.PDF,0,非目标披露事由
https://static.cninfo.com.cn/finalpage/2024-07-31/1220755113.PDF,1,公司涉嫌信披违法
https://static.cninfo.com.cn/finalpage/2024-08-02/1220789274.PDF,1,公司涉嫌信披违法
https://static.cninfo.com.cn/finalpage/2024-08-03/1220788845.PDF,0,仅个人或关联方涉案
https://static.cninfo.com.cn/finalpage/2024-08-03/1220788887.PDF,1,公司涉嫌信披违法
https://static.cninfo.com.cn/finalpage/2024-08-06/1220795994.PDF,1,公司涉嫌信披违法
https://static.cninfo.com.cn/finalpage/2024-08-06/1220796557.PDF,0,仅个人或关联方涉案
https://static.cninfo.com.cn/finalpage/2024-08-09/1220824401.PDF,0,仅个人或关联方涉案
https://static.cninfo.com.cn/finalpage/2024-08-09/1220835584.PDF,1,公司涉嫌信披违法
https://static.cninfo.com.cn/finalpage/2024-08-09/1220835613.PDF,1,公司涉嫌信披违法
https://static.cninfo.com.cn/finalpage/2024-08-10/1220836179.PDF,1,公司涉嫌信披违法
https://static.cninfo.com.cn/finalpage/2024-08-10/1220832464.PDF,1,公司涉嫌信披违法
https://static.cninfo.com.cn/finalpage/2024-08-15/1220873277.PDF,1,公司涉嫌信披违法
https://static.cninfo.com.cn/finalpage/2024-08-16/1220879215.PDF,1,公司涉嫌信披违法
https://static.cninfo.com.cn/finalpage/2024-08-16/1220883179.PDF,1,公司涉嫌信披违法
https://static.cninfo.com.cn/finalpage/2024-08-16/1220894268.PDF,0,仅个人或关联方涉案
https://static.cninfo.com.cn/finalpage/2024-08-19/1220911796.PDF,0,仅个人或关联方涉案
https://static.cninfo.com.cn/finalpage/2024-08-20/1220909330.PDF,0,仅个人或关联方涉案
https://static.cninfo.com.cn/finalpage/2024-08-24/1220962086.PDF,1,公司涉嫌信披违法
https://static.cninfo.com.cn/finalpage/2024-08-31/1221081051.PDF,0,仅个人或关联方涉案
https://static.cninfo.com.cn/finalpage/2024-08-31/1221082162.PDF,0,仅个人或关联方涉案
https://static.cninfo.com.cn/finalpage/2024-09-03/1221125218.PDF,0,仅个人或关联方涉案
https://static.cninfo.com.cn/finalpage/2024-09-06/1221161029.PDF,1,公司涉嫌信披违法
https://static.cninfo.com.cn/finalpage/2024-09-07/1221160102.PDF,1,公司涉嫌信披违法
https://static.cninfo.com.cn/finalpage/2024-09-07/1221160510.PDF,1,公司涉嫌信披违法
https://static.cninfo.com.cn/finalpage/2024-09-07/1221160814.PDF,1,公司涉嫌信披违法
https://static.cninfo.com.cn/finalpage/2024-09-07/1221161201.PDF,0,仅个人或关联方涉案
https://static.cninfo.com.cn/finalpage/2024-09-13/1221223973.PDF,1,公司涉嫌信披违法
https://static.cninfo.com.cn/finalpage/2024-09-13/1221223579.PDF,1,公司涉嫌信披违法
https://static.cninfo.com.cn/finalpage/2024-09-13/1221224443.PDF,1,公司涉嫌信披违法
https://static.cninfo.com.cn/finalpage/2024-09-21/1221258842.PDF,1,公司涉嫌信披违法
https://static.cninfo.com.cn/finalpage/2024-09-30/1221332411.PDF,1,公司涉嫌信披违法
https://static.cninfo.com.cn/finalpage/2024-10-10/1221355947.PDF,1,公司涉嫌信披违法
https://static.cninfo.com.cn/finalpage/2024-10-12/1221367972.PDF,0,非目标披露事由
https://static.cninfo.com.cn/finalpage/2024-10-16/1221395946.PDF,0,仅个人或关联方涉案
https://static.cninfo.com.cn/finalpage/2024-10-19/1221435053.PDF,1,公司涉嫌信披违法
https://static.cninfo.com.cn/finalpage/2024-10-19/1221435419.PDF,0,仅个人或关联方涉案
https://static.cninfo.com.cn/finalpage/2024-10-21/1221452133.PDF,1,公司涉嫌信披违法
https://static.cninfo.com.cn/finalpage/2024-10-22/1221451986.PDF,0,仅个人或关联方涉案
https://static.cninfo.com.cn/finalpage/2024-10-23/1221474777.PDF,1,公司涉嫌信披违法
https://static.cninfo.com.cn/finalpage/2024-10-24/1221491023.PDF,0,仅个人或关联方涉案
https://static.cninfo.com.cn/finalpage/2024-10-24/1221488982.PDF,1,公司涉嫌信披违法
https://static.cninfo.com.cn/finalpage/2024-10-25/1221523924.PDF,1,公司涉嫌信披违法
https://static.cninfo.com.cn/finalpage/2024-10-26/1221522273.PDF,0,仅个人或关联方涉案
https://static.cninfo.com.cn/finalpage/2024-10-26/1221525811.PDF,1,公司涉嫌信披违法
https://static.cninfo.com.cn/finalpage/2024-10-26/1221521366.PDF,1,公司涉嫌信披违法
https://static.cninfo.com.cn/finalpage/2024-10-28/1221532468.PDF,1,公司涉嫌信披违法
https://static.cninfo.com.cn/finalpage/2024-10-29/1221538547.PDF,0,仅个人或关联方涉案
https://static.cninfo.com.cn/finalpage/2024-10-29/1221557620.PDF,0,仅个人或关联方涉案
https://static.cninfo.com.cn/finalpage/2024-10-31/1221577159.PDF,1,公司涉嫌信披违法
https://static.cninfo.com.cn/finalpage/2024-11-01/1221604188.PDF,0,仅个人或关联方涉案
https://static.cninfo.com.cn/finalpage/2024-11-02/1221604642.PDF,1,公司涉嫌信披违法
https://static.cninfo.com.cn/finalpage/2024-11-02/1221604645.PDF,0,仅个人或关联方涉案
https://static.cninfo.com.cn/finalpage/2024-11-02/1221603812.PDF,1,公司涉嫌信披违法
https://static.cninfo.com.cn/finalpage/2024-11-09/1221661242.PDF,0,仅个人或关联方涉案
https://static.cninfo.com.cn/finalpage/2024-11-09/1221660493.PDF,1,公司披露逾期或虚假等
https://static.cninfo.com.cn/finalpage/2024-11-09/1221662838.PDF,1,公司涉嫌信披违法
https://static.cninfo.com.cn/finalpage/2024-11-16/1221743886.PDF,1,公司涉嫌信披违法
https://static.cninfo.com.cn/finalpage/2024-11-19/1221767070.PDF,1,公司涉嫌信披违法
https://static.cninfo.com.cn/finalpage/2024-11-22/1221817240.PDF,0,非目标披露事由
https://static.cninfo.com.cn/finalpage/2024-11-25/1221831584.PDF,0,仅个人或关联方涉案
https://static.cninfo.com.cn/finalpage/2024-11-30/1221891168.PDF,1,公司涉嫌信披违法
https://static.cninfo.com.cn/finalpage/2024-11-30/1221892880.PDF,0,仅个人或关联方涉案
https://static.cninfo.com.cn/finalpage/2024-12-03/1221907473.PDF,0,仅个人或关联方涉案
https://static.cninfo.com.cn/finalpage/2024-12-06/1221958448.PDF,1,公司涉嫌信披违法
https://static.cninfo.com.cn/finalpage/2024-12-12/1221998950.PDF,0,仅个人或关联方涉案
https://static.cninfo.com.cn/finalpage/2024-12-17/1222037968.PDF,1,公司涉嫌信披违法
https://static.cninfo.com.cn/finalpage/2024-12-20/1222076474.PDF,1,公司涉嫌信披违法
https://static.cninfo.com.cn/finalpage/2024-12-20/1222092388.PDF,1,公司涉嫌信披违法
https://static.cninfo.com.cn/finalpage/2024-12-20/1222090406.PDF,1,公司涉嫌信披违法
https://static.cninfo.com.cn/finalpage/2024-12-21/1222092188.PDF,0,仅个人或关联方涉案
https://static.cninfo.com.cn/finalpage/2024-12-21/1222093106.PDF,0,仅个人或关联方涉案
https://static.cninfo.com.cn/finalpage/2024-12-22/1222102769.pdf,0,仅个人或关联方涉案
https://static.cninfo.com.cn/finalpage/2024-12-23/1222102766.PDF,0,仅个人或关联方涉案
https://static.cninfo.com.cn/finalpage/2024-12-23/1222115960.PDF,0,仅个人或关联方涉案
https://static.cninfo.com.cn/finalpage/2024-12-24/1222115840.PDF,1,公司涉嫌信披违法
https://static.cninfo.com.cn/finalpage/2024-12-27/1222156280.pdf,1,公司涉嫌信披违法
https://static.cninfo.com.cn/finalpage/2024-12-30/1222166492.PDF,1,公司涉嫌信披违法
https://static.cninfo.com.cn/finalpage/2024-12-31/1222188692.PDF,1,公司涉嫌信披违法
https://static.cninfo.com.cn/finalpage/2025-01-09/1222271744.PDF,1,公司涉嫌信披违法
https://static.cninfo.com.cn/finalpage/2025-01-11/1222297634.PDF,1,公司涉嫌信披违法
https://static.cninfo.com.cn/finalpage/2025-01-11/1222300110.PDF,0,仅个人或关联方涉案
https://static.cninfo.com.cn/finalpage/2025-01-13/1222314258.PDF,0,非目标披露事由
https://static.cninfo.com.cn/finalpage/2025-01-15/1222334043.PDF,1,公司涉嫌信披违法
https://static.cninfo.com.cn/finalpage/2025-01-17/1222366839.PDF,1,公司涉嫌信披违法
https://static.cninfo.com.cn/finalpage/2025-01-18/1222366493.PDF,1,公司涉嫌信披违法
https://static.cninfo.com.cn/finalpage/2025-01-20/1222365524.PDF,1,公司涉嫌信披违法
https://static.cninfo.com.cn/finalpage/2025-01-21/1222387837.PDF,0,仅个人或关联方涉案
https://static.cninfo.com.cn/finalpage/2025-01-25/1222429628.PDF,1,公司涉嫌信披违法
https://static.cninfo.com.cn/finalpage/2025-02-27/1222650578.PDF,1,公司涉嫌信披违法
https://static.cninfo.com.cn/finalpage/2025-03-14/1222807178.PDF,0,仅个人或关联方涉案
https://static.cninfo.com.cn/finalpage/2025-03-15/1222807238.PDF,0,仅个人或关联方涉案
https://static.cninfo.com.cn/finalpage/2025-03-16/1222815977.pdf,0,仅个人或关联方涉案
https://static.cninfo.com.cn/finalpage/2025-03-17/1222816417.PDF,0,仅个人或关联方涉案
https://static.cninfo.com.cn/finalpage/2025-03-27/1222910807.PDF,0,非目标披露事由
https://static.cninfo.com.cn/finalpage/2025-03-27/1222927163.PDF,1,公司涉嫌信披违法
https://static.cninfo.com.cn/finalpage/2025-03-28/1222950863.PDF,1,公司涉嫌信披违法
https://static.cninfo.com.cn/finalpage/2025-03-31/1222972198.PDF,1,公司涉嫌信披违法
https://static.cninfo.com.cn/finalpage/2025-04-01/1222970571.PDF,1,公司涉嫌信披违法
https://static.cninfo.com.cn/finalpage/2025-04-02/1222980104.PDF,0,仅个人或关联方涉案
https://static.cninfo.com.cn/finalpage/2025-04-03/1223006581.PDF,1,公司涉嫌信披违法
https://static.cninfo.com.cn/finalpage/2025-04-04/1223005853.PDF,0,仅个人或关联方涉案
https://static.cninfo.com.cn/finalpage/2025-04-14/1223096910.PDF,1,公司披露逾期或虚假等
https://static.cninfo.com.cn/finalpage/2025-04-19/1223157743.PDF,1,公司涉嫌信披违法
https://static.cninfo.com.cn/finalpage/2025-04-21/1223195176.PDF,0,仅个人或关联方涉案
https://static.cninfo.com.cn/finalpage/2025-04-24/1223270183.PDF,1,公司涉嫌信披违法
https://static.cninfo.com.cn/finalpage/2025-04-26/1223326717.PDF,0,仅个人或关联方涉案
https://static.cninfo.com.cn/finalpage/2025-04-26/1223311289.PDF,1,公司涉嫌信披违法
https://static.cninfo.com.cn/finalpage/2025-04-26/1223317366.PDF,1,公司披露逾期或虚假等
https://static.cninfo.com.cn/finalpage/2025-04-29/1223394913.pdf,1,公司涉嫌信披违法
https://static.cninfo.com.cn/finalpage/2025-04-29/1223386991.PDF,1,公司涉嫌信披违法
https://static.cninfo.com.cn/finalpage/2025-04-29/1223367861.PDF,1,公司涉嫌信披违法
https://static.cninfo.com.cn/finalpage/2025-05-06/1223478580.PDF,1,公司披露逾期或虚假等
https://static.cninfo.com.cn/finalpage/2025-05-07/1223478081.PDF,1,公司披露逾期或虚假等
https://static.cninfo.com.cn/finalpage/2025-05-07/1223478710.PDF,1,公司披露逾期或虚假等
https://static.cninfo.com.cn/finalpage/2025-05-07/1223478709.PDF,1,公司披露逾期或虚假等
https://static.cninfo.com.cn/finalpage/2025-05-07/1223478345.PDF,1,公司披露逾期或虚假等
https://static.cninfo.com.cn/finalpage/2025-05-08/1223490717.PDF,0,仅个人或关联方涉案
https://static.cninfo.com.cn/finalpage/2025-05-10/1223514039.PDF,0,仅个人或关联方涉案
https://static.cninfo.com.cn/finalpage/2025-05-15/1223544155.PDF,0,仅个人或关联方涉案
https://static.cninfo.com.cn/finalpage/2025-05-21/1223609754.PDF,0,仅个人或关联方涉案
https://static.cninfo.com.cn/finalpage/2025-05-24/1223646684.PDF,0,仅个人或关联方涉案
https://static.cninfo.com.cn/finalpage/2025-05-29/1223712631.PDF,1,公司涉嫌信披违法
https://static.cninfo.com.cn/finalpage/2025-05-30/1223734985.pdf,0,仅个人或关联方涉案
https://static.cninfo.com.cn/finalpage/2025-05-31/1223736338.PDF,1,公司涉嫌信披违法
https://static.cninfo.com.cn/finalpage/2025-05-31/1223734377.PDF,1,公司涉嫌信披违法
https://static.cninfo.com.cn/finalpage/2025-06-03/1223740919.pdf,1,公司披露逾期或虚假等
https://static.cninfo.com.cn/finalpage/2025-06-06/1223787160.PDF,0,仅个人或关联方涉案
https://static.cninfo.com.cn/finalpage/2025-06-06/1223802622.PDF,1,公司涉嫌信披违法
https://static.cninfo.com.cn/finalpage/2025-06-07/1223804284.PDF,1,公司涉嫌信披违法
https://static.cninfo.com.cn/finalpage/2025-06-10/1223825720.PDF,0,非目标披露事由
https://static.cninfo.com.cn/finalpage/2025-06-24/1223955917.PDF,1,公司涉嫌信披违法
https://static.cninfo.com.cn/finalpage/2025-06-25/1223974748.PDF,0,仅个人或关联方涉案
https://static.cninfo.com.cn/finalpage/2025-06-25/1223974749.PDF,0,仅个人或关联方涉案
https://static.cninfo.com.cn/finalpage/2025-06-25/1223974794.PDF,1,公司披露逾期或虚假等
https://static.cninfo.com.cn/finalpage/2025-06-27/1224016774.PDF,1,公司涉嫌信披违法
https://static.cninfo.com.cn/finalpage/2025-07-02/1224057657.PDF,1,公司披露逾期或虚假等
https://static.cninfo.com.cn/finalpage/2025-07-02/1224057658.PDF,0,同日重复原件
https://static.cninfo.com.cn/finalpage/2025-07-04/1224084614.PDF,1,公司涉嫌信披违法
https://static.cninfo.com.cn/finalpage/2025-07-11/1224146555.PDF,1,公司披露逾期或虚假等
https://static.cninfo.com.cn/finalpage/2025-07-12/1224146173.PDF,1,公司涉嫌信披违法
https://static.cninfo.com.cn/finalpage/2025-07-12/1224146138.PDF,0,非目标披露事由
https://static.cninfo.com.cn/finalpage/2025-07-16/1224178014.PDF,0,仅个人或关联方涉案
https://static.cninfo.com.cn/finalpage/2025-07-24/1224281945.PDF,1,公司涉嫌信披违法
https://static.cninfo.com.cn/finalpage/2025-07-25/1224300004.PDF,0,仅个人或关联方涉案
https://static.cninfo.com.cn/finalpage/2025-07-26/1224301240.PDF,1,公司涉嫌信披违法
https://static.cninfo.com.cn/finalpage/2025-07-26/1224299304.PDF,1,公司涉嫌信披违法
https://static.cninfo.com.cn/finalpage/2025-07-26/1224300844.PDF,1,公司披露逾期或虚假等
https://static.cninfo.com.cn/finalpage/2025-07-26/1224299346.PDF,1,公司涉嫌信披违法
https://static.cninfo.com.cn/finalpage/2025-07-29/1224317344.PDF,1,公司涉嫌信披违法
https://static.cninfo.com.cn/finalpage/2025-08-04/1224377787.PDF,0,仅个人或关联方涉案
https://static.cninfo.com.cn/finalpage/2025-08-06/1224414668.PDF,0,仅个人或关联方涉案
https://static.cninfo.com.cn/finalpage/2025-08-09/1224442029.PDF,1,公司涉嫌信披违法
https://static.cninfo.com.cn/finalpage/2025-08-12/1224463083.PDF,1,公司涉嫌信披违法
https://static.cninfo.com.cn/finalpage/2025-08-22/1224535854.PDF,0,仅个人或关联方涉案
https://static.cninfo.com.cn/finalpage/2025-08-25/1224573426.PDF,0,仅个人或关联方涉案
https://static.cninfo.com.cn/finalpage/2025-08-26/1224566314.PDF,0,非目标披露事由
https://static.cninfo.com.cn/finalpage/2025-08-27/1224590830.PDF,1,公司涉嫌信披违法
https://static.cninfo.com.cn/finalpage/2025-09-02/1224632948.PDF,1,公司涉嫌信披违法
https://static.cninfo.com.cn/finalpage/2025-09-06/1224642672.PDF,1,公司涉嫌信披违法
https://static.cninfo.com.cn/finalpage/2025-09-08/1224643171.PDF,1,公司涉嫌信披违法
https://static.cninfo.com.cn/finalpage/2025-09-11/1224650094.PDF,1,公司涉嫌信披违法
https://static.cninfo.com.cn/finalpage/2025-09-19/1224672253.PDF,1,公司涉嫌信披违法
https://static.cninfo.com.cn/finalpage/2025-09-27/1224687282.PDF,1,公司涉嫌信披违法
https://static.cninfo.com.cn/finalpage/2025-09-29/1224692247.PDF,0,仅个人或关联方涉案
https://static.cninfo.com.cn/finalpage/2025-09-30/1224690072.PDF,0,仅个人或关联方涉案
https://static.cninfo.com.cn/finalpage/2025-09-30/1224691588.PDF,1,公司涉嫌信披违法
https://static.cninfo.com.cn/finalpage/2025-10-01/1224696722.PDF,1,公司披露逾期或虚假等
https://static.cninfo.com.cn/finalpage/2025-10-15/1224712442.PDF,1,公司涉嫌信披违法
https://static.cninfo.com.cn/finalpage/2025-10-17/1224717394.PDF,1,公司涉嫌信披违法
https://static.cninfo.com.cn/finalpage/2025-10-31/1224780380.PDF,0,仅个人或关联方涉案
https://static.cninfo.com.cn/finalpage/2025-11-01/1224780591.PDF,1,公司披露逾期或虚假等
https://static.cninfo.com.cn/finalpage/2025-11-01/1224781406.PDF,0,仅个人或关联方涉案
https://static.cninfo.com.cn/finalpage/2025-11-07/1224793423.PDF,1,公司披露逾期或虚假等
https://static.cninfo.com.cn/finalpage/2025-11-08/1224792786.PDF,1,公司涉嫌信披违法
https://static.cninfo.com.cn/finalpage/2025-11-08/1224793355.PDF,0,仅个人或关联方涉案
https://static.cninfo.com.cn/finalpage/2025-11-08/1224792448.PDF,0,仅个人或关联方涉案
https://static.cninfo.com.cn/finalpage/2025-11-17/1224810197.PDF,1,公司涉嫌信披违法
https://static.cninfo.com.cn/finalpage/2025-11-22/1224820905.PDF,1,公司涉嫌信披违法
https://static.cninfo.com.cn/finalpage/2025-11-22/1224819628.PDF,1,公司涉嫌信披违法
https://static.cninfo.com.cn/finalpage/2025-11-29/1224836064.PDF,0,仅个人或关联方涉案
https://static.cninfo.com.cn/finalpage/2025-11-29/1224834918.PDF,1,公司涉嫌信披违法
https://static.cninfo.com.cn/finalpage/2025-11-29/1224835891.PDF,1,公司涉嫌信披违法
https://static.cninfo.com.cn/finalpage/2025-11-29/1224835647.PDF,0,仅个人或关联方涉案
https://static.cninfo.com.cn/finalpage/2025-12-04/1224847076.PDF,0,仅个人或关联方涉案
https://static.cninfo.com.cn/finalpage/2025-12-13/1224873610.PDF,1,公司涉嫌信披违法
https://static.cninfo.com.cn/finalpage/2025-12-20/1224888434.PDF,1,公司涉嫌信披违法
https://static.cninfo.com.cn/finalpage/2025-12-26/1224899550.PDF,1,公司涉嫌信披违法
https://static.cninfo.com.cn/finalpage/2025-12-26/1224900155.PDF,1,公司涉嫌信披违法
https://static.cninfo.com.cn/finalpage/2025-12-26/1224902427.pdf,1,公司涉嫌信披违法
https://static.cninfo.com.cn/finalpage/2025-12-27/1224902468.PDF,1,公司涉嫌信披违法
https://static.cninfo.com.cn/finalpage/2025-12-27/1224902453.PDF,1,公司涉嫌信披违法
https://static.cninfo.com.cn/finalpage/2025-12-29/1224902529.PDF,1,公司涉嫌信披违法
https://static.cninfo.com.cn/finalpage/2025-12-30/1224905273.PDF,1,公司涉嫌信披违法
https://static.cninfo.com.cn/finalpage/2025-12-31/1224913263.PDF,1,公司披露逾期或虚假等
https://static.cninfo.com.cn/finalpage/2025-12-31/1224913103.PDF,1,公司涉嫌信披违法
